,Number of Pixels,Red,Green,Blue,RGB,Country,Color
0,37492,255,255,255,"(255, 255, 255)",United Arab Emirates,white
1,37675,206,17,38,"(206, 17, 38)",United Arab Emirates,red
2,91,68,6,13,"(68, 6, 13)",United Arab Emirates,black
4,412,113,199,113,"(113, 199, 113)",United Arab Emirates,gray
5,412,39,39,39,"(39, 39, 39)",United Arab Emirates,black
6,91,239,176,183,"(239, 176, 183)",United Arab Emirates,silver
8,91,68,108,13,"(68, 108, 13)",United Arab Emirates,green
9,37492,0,0,0,"(0, 0, 0)",United Arab Emirates,black
10,37492,0,154,0,"(0, 154, 0)",United Arab Emirates,green
12,186072,206,17,38,"(206, 17, 38)",Albania,red
13,64,205,17,38,"(205, 17, 38)",Albania,red
14,104,204,17,38,"(204, 17, 38)",Albania,red
223,56,4,0,1,"(4, 0, 1)",Albania,black
225,98,2,0,0,"(2, 0, 0)",Albania,black
226,82,1,0,0,"(1, 0, 0)",Albania,black
227,25708,0,0,0,"(0, 0, 0)",Albania,black
228,50050,255,153,0,"(255, 153, 0)",Armenia,orange
229,50050,255,0,0,"(255, 0, 0)",Armenia,red
230,550,216,130,26,"(216, 130, 26)",Armenia,orange
231,550,142,0,76,"(142, 0, 76)",Armenia,maroon
232,50050,0,0,170,"(0, 0, 170)",Armenia,navy
233,66550,255,255,255,"(255, 255, 255)",Austria,white
234,1100,242,178,170,"(242, 178, 170)",Austria,silver
235,134200,216,30,5,"(216, 30, 5)",Austria,red
236,1941,255,255,255,"(255, 255, 255)",Azerbaijan,white
310,550,81,97,149,"(81, 97, 149)",Azerbaijan,gray
354,47519,234,4,55,"(234, 4, 55)",Azerbaijan,red
401,50050,0,174,104,"(0, 174, 104)",Azerbaijan,teal
412,550,28,148,119,"(28, 148, 119)",Azerbaijan,teal
419,50050,0,146,199,"(0, 146, 199)",Azerbaijan,teal
420,5283,255,255,255,"(255, 255, 255)",Bosnia and Herzegovina,white
425,37401,247,209,23,"(247, 209, 23)",Bosnia and Herzegovina,orange
454,274,192,163,54,"(192, 163, 54)",Bosnia and Herzegovina,orange
457,274,185,157,58,"(185, 157, 58)",Bosnia and Herzegovina,orange
535,275,30,29,146,"(30, 29, 146)",Bosnia and Herzegovina,navy
539,105993,23,23,150,"(23, 23, 150)",Bosnia and Herzegovina,navy
658,58472,255,199,38,"(255, 199, 38)",Barbados,orange
677,734,216,175,51,"(216, 175, 51)",Barbados,orange
804,252,151,118,23,"(151, 118, 23)",Barbados,olive
871,7230,0,0,0,"(0, 0, 0)",Barbados,black
872,134322,0,38,127,"(0, 38, 127)",Barbados,navy
938,37546,244,42,65,"(244, 42, 65)",Bangladesh,red
1002,143148,0,106,78,"(0, 106, 78)",Bangladesh,teal
1003,477,247,123,0,"(247, 123, 0)",Belgium,orange
1004,86814,255,222,0,"(255, 222, 0)",Belgium,orange
1005,87291,238,0,0,"(238, 0, 0)",Belgium,red
1006,477,216,188,0,"(216, 188, 0)",Belgium,orange
1007,87291,0,0,0,"(0, 0, 0)",Belgium,black
1022,98250,239,43,45,"(239, 43, 45)",Burkina Faso,red
1024,87,244,111,36,"(244, 111, 36)",Burkina Faso,orange
1057,484,119,101,59,"(119, 101, 59)",Burkina Faso,olive
1147,3948,252,209,22,"(252, 209, 22)",Burkina Faso,orange
1168,98652,0,158,73,"(0, 158, 73)",Burkina Faso,green
1169,60500,255,255,255,"(255, 255, 255)",Bulgaria,white
1170,60500,214,38,18,"(214, 38, 18)",Bulgaria,red
1171,60500,0,150,110,"(0, 150, 110)",Bulgaria,teal
1172,58490,255,255,255,"(255, 255, 255)",Bahrain,white
1173,160,245,207,212,"(245, 207, 212)",Bahrain,silver
1174,170,216,65,81,"(216, 65, 81)",Bahrain,purple
1175,122020,206,17,38,"(206, 17, 38)",Bahrain,red
1176,170,253,244,245,"(253, 244, 245)",Bahrain,white
1177,170,235,160,168,"(235, 160, 168)",Bahrain,silver
1178,160,226,112,125,"(226, 112, 125)",Bahrain,gray
1179,160,208,28,48,"(208, 28, 48)",Bahrain,red
1180,60390,252,209,22,"(252, 209, 22)",Benin,orange
1181,330,239,81,37,"(239, 81, 37)",Benin,orange
1182,60390,232,17,45,"(232, 17, 45)",Benin,red
1183,80740,0,135,81,"(0, 135, 81)",Benin,teal
1184,68750,206,17,38,"(206, 17, 38)","Bolivia, Plurinational State of",red
1185,68750,249,214,22,"(249, 214, 22)","Bolivia, Plurinational State of",orange
1186,68750,0,122,61,"(0, 122, 61)","Bolivia, Plurinational State of",green
1187,15400,255,255,255,"(255, 255, 255)",Botswana,white
1188,1100,239,239,239,"(239, 239, 239)",Botswana,white
1189,1100,165,199,231,"(165, 199, 231)",Botswana,silver
1190,150700,117,170,219,"(117, 170, 219)",Botswana,gray
1191,33550,0,0,0,"(0, 0, 0)",Botswana,black
1192,7935,255,255,255,"(255, 255, 255)",Belarus,white
1194,108,253,247,247,"(253, 247, 247)",Belarus,white
1195,79,252,239,239,"(252, 239, 239)",Belarus,white
1197,61,250,231,231,"(250, 231, 231)",Belarus,white
1198,53,249,223,223,"(249, 223, 223)",Belarus,silver
1200,151,247,215,215,"(247, 215, 215)",Belarus,silver
1202,57,245,207,207,"(245, 207, 207)",Belarus,silver
1203,90,244,199,199,"(244, 199, 199)",Belarus,silver
1206,88,241,183,183,"(241, 183, 183)",Belarus,silver
1208,148,239,175,175,"(239, 175, 175)",Belarus,silver
1210,68,237,167,167,"(237, 167, 167)",Belarus,silver
1211,72,236,159,159,"(236, 159, 159)",Belarus,silver
1213,84,234,151,151,"(234, 151, 151)",Belarus,silver
1216,80,231,135,135,"(231, 135, 135)",Belarus,silver
1218,132,229,127,127,"(229, 127, 127)",Belarus,gray
1219,99,228,119,119,"(228, 119, 119)",Belarus,gray
1222,108,225,103,103,"(225, 103, 103)",Belarus,gray
1224,66,223,95,95,"(223, 95, 95)",Belarus,gray
1225,157,221,87,87,"(221, 87, 87)",Belarus,gray
1226,82,220,79,79,"(220, 79, 79)",Belarus,gray
1228,62,218,71,71,"(218, 71, 71)",Belarus,red
1231,102,215,55,55,"(215, 55, 55)",Belarus,red
1233,97,213,47,47,"(213, 47, 47)",Belarus,red
1234,52,212,39,39,"(212, 39, 39)",Belarus,red
1236,56,210,31,31,"(210, 31, 31)",Belarus,red
1237,58,209,23,23,"(209, 23, 23)",Belarus,red
1239,81,207,15,15,"(207, 15, 15)",Belarus,red
1241,112,205,7,7,"(205, 7, 7)",Belarus,red
1250,81,233,143,143,"(233, 143, 143)",Belarus,silver
1294,44499,0,153,0,"(0, 153, 0)",Belarus,green
1320,187,230,128,128,"(230, 128, 128)",Belarus,silver
1346,94808,204,0,0,"(204, 0, 0)",Belarus,red
1363,91,128,204,128,"(128, 204, 128)",Belarus,silver
1393,489,31,130,0,"(31, 130, 0)",Belarus,green
1399,54751,255,255,255,"(255, 255, 255)",Canada,white
1510,94862,255,0,0,"(255, 0, 0)",Canada,red
1608,551,255,128,128,"(255, 128, 128)",Canada,silver
1624,41678,255,255,255,"(255, 255, 255)",Central African Republic,white
1631,58,240,197,8,"(240, 197, 8)",Central African Republic,orange
1641,182,217,53,83,"(217, 53, 83)",Central African Republic,purple
1655,182,184,37,50,"(184, 37, 50)",Central African Republic,red
1658,182,178,21,64,"(178, 21, 64)",Central African Republic,maroon
1679,182,217,45,44,"(217, 45, 44)",Central African Republic,red
1690,41678,40,151,40,"(40, 151, 40)",Central African Republic,green
1698,458,239,202,3,"(239, 202, 3)",Central African Republic,orange
1724,43395,255,206,0,"(255, 206, 0)",Central African Republic,orange
1741,33030,210,16,52,"(210, 16, 52)",Central African Republic,red
1772,458,111,186,111,"(111, 186, 111)",Central African Republic,gray
1782,458,79,112,168,"(79, 112, 168)",Central African Republic,gray
1816,39617,0,48,130,"(0, 48, 130)",Central African Republic,navy
1831,69,220,37,31,"(220, 37, 31)",Congo,red
1900,66889,0,149,67,"(0, 149, 67)",Congo,green
1902,66794,251,222,74,"(251, 222, 74)",Congo,orange
1916,66889,220,36,31,"(220, 36, 31)",Congo,red
1978,68420,255,255,255,"(255, 255, 255)",Switzerland,white
1979,440,229,108,91,"(229, 108, 91)",Switzerland,gray
1980,233640,216,30,5,"(216, 30, 5)",Switzerland,red
1981,66794,255,255,255,"(255, 255, 255)",Cote d'Ivoire,white
1982,367,252,211,167,"(252, 211, 167)",Cote d'Ivoire,silver
1983,67161,247,127,0,"(247, 127, 0)",Cote d'Ivoire,orange
1984,367,167,222,200,"(167, 222, 200)",Cote d'Ivoire,silver
1985,67161,0,158,96,"(0, 158, 96)",Cote d'Ivoire,teal
1986,69151,255,255,255,"(255, 255, 255)",Chile,white
2022,183,167,185,227,"(167, 185, 227)",Chile,silver
2045,183,106,49,95,"(106, 49, 95)",Chile,purple
2083,30930,0,53,173,"(0, 53, 173)",Chile,navy
2094,366,233,150,136,"(233, 150, 136)",Chile,silver
2105,100650,212,46,18,"(212, 46, 18)",Chile,red
2137,61,112,142,209,"(112, 142, 209)",Chile,gray
2182,69630,252,209,22,"(252, 209, 22)",Cameroon,orange
2193,61,235,137,28,"(235, 137, 28)",Cameroon,orange
2215,63904,206,17,38,"(206, 17, 38)",Cameroon,red
2218,367,175,33,46,"(175, 33, 46)",Cameroon,maroon
2261,367,226,102,31,"(226, 102, 31)",Cameroon,olive
2305,67161,0,122,94,"(0, 122, 94)",Cameroon,teal
2339,196373,222,41,16,"(222, 41, 16)",China,red
2419,4383,255,222,0,"(255, 222, 0)",China,orange
2461,77,230,87,12,"(230, 87, 12)",China,orange
2533,100650,252,209,22,"(252, 209, 22)",Colombia,orange
2534,50050,206,17,38,"(206, 17, 38)",Colombia,red
2535,550,84,107,105,"(84, 107, 105)",Colombia,gray
2536,550,190,20,46,"(190, 20, 46)",Colombia,red
2537,50050,0,56,147,"(0, 56, 147)",Colombia,navy
2538,60500,255,255,255,"(255, 255, 255)",Costa Rica,white
2539,60500,206,17,38,"(206, 17, 38)",Costa Rica,red
2540,60500,0,43,127,"(0, 43, 127)",Costa Rica,navy
2541,75350,255,255,255,"(255, 255, 255)",Czech Republic,white
2551,274,235,137,140,"(235, 137, 140)",Czech Republic,silver
2660,50038,17,69,126,"(17, 69, 126)",Czech Republic,navy
2673,75350,215,20,26,"(215, 20, 26)",Czech Republic,red
2794,60500,255,206,0,"(255, 206, 0)",Germany,orange
2795,60500,221,0,0,"(221, 0, 0)",Germany,red
2796,60500,0,0,0,"(0, 0, 0)",Germany,black
2797,52664,255,255,255,"(255, 255, 255)",Denmark,white
2799,980,242,187,198,"(242, 187, 198)",Denmark,silver
2801,356,248,218,224,"(248, 218, 224)",Denmark,silver
2802,356,237,164,179,"(237, 164, 179)",Denmark,silver
2803,174440,208,12,51,"(208, 12, 51)",Denmark,red
2804,63800,255,255,255,"(255, 255, 255)",Estonia,white
2805,63800,58,117,196,"(58, 117, 196)",Estonia,teal
2806,550,38,77,128,"(38, 77, 128)",Estonia,teal
2807,550,168,168,168,"(168, 168, 168)",Estonia,gray
2808,63800,0,0,0,"(0, 0, 0)",Estonia,black
2809,111508,255,255,255,"(255, 255, 255)",Finland,white
2810,244,199,211,227,"(199, 211, 227)",Finland,silver
2811,71886,0,53,128,"(0, 53, 128)",Finland,navy
2812,244,143,166,199,"(143, 166, 199)",Finland,silver
2813,914,47,90,151,"(47, 90, 151)",Finland,teal
2816,3294,255,255,255,"(255, 255, 255)","Micronesia, Federated States of",white
2901,64,225,238,248,"(225, 238, 248)","Micronesia, Federated States of",white
2946,81,134,188,225,"(134, 188, 225)","Micronesia, Federated States of",silver
2958,154704,117,178,221,"(117, 178, 221)","Micronesia, Federated States of",gray
2961,66794,255,255,255,"(255, 255, 255)",France,white
2962,367,251,181,189,"(251, 181, 189)",France,silver
2963,367,168,179,222,"(168, 179, 222)",France,silver
2964,67161,244,42,65,"(244, 42, 65)",France,red
2965,67161,0,32,159,"(0, 32, 159)",France,navy
2966,75350,252,209,22,"(252, 209, 22)",Gabon,orange
2967,550,112,181,63,"(112, 181, 63)",Gabon,olive
2968,550,87,131,170,"(87, 131, 170)",Gabon,gray
2969,75350,58,117,196,"(58, 117, 196)",Gabon,teal
2970,75350,0,158,96,"(0, 158, 96)",Gabon,teal
2971,49462,255,255,255,"(255, 255, 255)",United Kingdom,white
2974,130,244,199,204,"(244, 199, 204)",United Kingdom,silver
2975,90,243,195,201,"(243, 195, 201)",United Kingdom,silver
2976,440,231,137,149,"(231, 137, 149)",United Kingdom,silver
2977,156,224,101,116,"(224, 101, 116)",United Kingdom,gray
2978,134,219,81,98,"(219, 81, 98)",United Kingdom,gray
2979,58,219,79,96,"(219, 79, 96)",United Kingdom,gray
2981,92,219,77,95,"(219, 77, 95)",United Kingdom,gray
2987,92,243,194,200,"(243, 194, 200)",United Kingdom,silver
2988,336,240,242,247,"(240, 242, 247)",United Kingdom,white
2989,244,237,240,246,"(237, 240, 246)",United Kingdom,white
2991,142,219,78,95,"(219, 78, 95)",United Kingdom,gray
2992,90,218,76,94,"(218, 76, 94)",United Kingdom,purple
2993,332,216,222,235,"(216, 222, 235)",United Kingdom,silver
2994,55526,207,20,43,"(207, 20, 43)",United Kingdom,red
2995,176,243,198,203,"(243, 198, 203)",United Kingdom,silver
2996,58,243,197,203,"(243, 197, 203)",United Kingdom,silver
2997,140,243,196,202,"(243, 196, 202)",United Kingdom,silver
2998,336,128,146,190,"(128, 146, 190)",United Kingdom,silver
2999,240,124,142,188,"(124, 142, 188)",United Kingdom,gray
3000,480,88,112,170,"(88, 112, 170)",United Kingdom,gray
3001,172,219,80,97,"(219, 80, 97)",United Kingdom,gray
3003,332,16,50,133,"(16, 50, 133)",United Kingdom,navy
3004,240,14,48,132,"(14, 48, 132)",United Kingdom,navy
3005,41716,0,36,125,"(0, 36, 125)",United Kingdom,navy
3006,128036,255,255,255,"(255, 255, 255)",Georgia,white
3029,70990,232,17,45,"(232, 17, 45)",Georgia,red
3124,592,240,98,117,"(240, 98, 117)",Georgia,orange
3178,952,251,210,215,"(251, 210, 215)",Georgia,silver
3209,61182,252,209,22,"(252, 209, 22)",Ghana,orange
3227,67100,206,17,38,"(206, 17, 38)",Ghana,red
3282,67100,0,107,63,"(0, 107, 63)",Ghana,green
3292,548,232,124,29,"(232, 124, 29)",Ghana,orange
3298,546,214,194,28,"(214, 194, 28)",Ghana,orange
3349,94,15,12,1,"(15, 12, 1)",Ghana,black
3355,4798,0,0,0,"(0, 0, 0)",Ghana,black
3356,20900,255,255,255,"(255, 255, 255)",Gambia,white
3357,550,248,219,222,"(248, 219, 222)",Gambia,silver
3358,550,231,233,244,"(231, 233, 244)",Gambia,white
3359,67100,206,17,38,"(206, 17, 38)",Gambia,red
3360,550,169,175,214,"(169, 175, 214)",Gambia,silver
3361,550,167,195,159,"(167, 195, 159)",Gambia,silver
3362,67100,58,119,40,"(58, 119, 40)",Gambia,green
3363,44550,12,28,140,"(12, 28, 140)",Gambia,navy
3364,66794,252,209,22,"(252, 209, 22)",Guinea,orange
3365,67161,206,17,38,"(206, 17, 38)",Guinea,red
3366,367,245,180,24,"(245, 180, 24)",Guinea,orange
3367,367,140,182,55,"(140, 182, 55)",Guinea,olive
3368,67161,0,148,96,"(0, 148, 96)",Guinea,teal
3369,86360,255,255,255,"(255, 255, 255)",Greece,white
3382,893,168,168,212,"(168, 168, 212)",Greece,silver
3384,893,144,144,200,"(144, 144, 200)",Greece,silver
3385,160,136,136,196,"(136, 136, 196)",Greece,silver
3388,160,112,112,184,"(112, 112, 184)",Greece,gray
3391,160,88,88,172,"(88, 88, 172)",Greece,gray
3392,80,72,72,164,"(72, 72, 164)",Greece,navy
3393,1053,56,56,156,"(56, 56, 156)",Greece,navy
3394,854,32,32,144,"(32, 32, 144)",Greece,navy
3395,111174,0,0,128,"(0, 0, 128)",Greece,navy
3396,50142,252,209,22,"(252, 209, 22)",Guinea-Bissau,orange
3399,47782,206,17,38,"(206, 17, 38)",Guinea-Bissau,red
3474,137,31,137,68,"(31, 137, 68)",Guinea-Bissau,green
3486,137,245,180,24,"(245, 180, 24)",Guinea-Bissau,orange
3506,366,84,175,56,"(84, 175, 56)",Guinea-Bissau,olive
3537,57,70,6,13,"(70, 6, 13)",Guinea-Bissau,black
3540,50142,0,158,73,"(0, 158, 73)",Guinea-Bissau,green
3566,2159,0,0,0,"(0, 0, 0)",Guinea-Bissau,black
3567,13118,255,255,255,"(255, 255, 255)",Guyana,white
3570,30100,252,209,22,"(252, 209, 22)",Guyana,orange
3571,110,251,253,252,"(251, 253, 252)",Guyana,white
3572,74,4,0,1,"(4, 0, 1)",Guyana,black
3574,66,253,223,91,"(253, 223, 91)",Guyana,orange
3575,108,238,249,243,"(238, 249, 243)",Guyana,white
3579,90,218,181,19,"(218, 181, 19)",Guyana,orange
3580,108,217,241,228,"(217, 241, 228)",Guyana,silver
3582,35090,206,17,38,"(206, 17, 38)",Guyana,red
3584,70,191,231,209,"(191, 231, 209)",Guyana,silver
3588,90,177,147,15,"(177, 147, 15)",Guyana,olive
3589,110,166,221,191,"(166, 221, 191)",Guyana,silver
3591,108,140,211,173,"(140, 211, 173)",Guyana,silver
3605,90,8,7,1,"(8, 7, 1)",Guyana,black
3616,90,244,202,21,"(244, 202, 21)",Guyana,orange
3619,72,196,16,36,"(196, 16, 36)",Guyana,red
3630,56,126,104,11,"(126, 104, 11)",Guyana,olive
3631,92,34,28,3,"(34, 28, 3)",Guyana,black
3633,84,252,211,30,"(252, 211, 30)",Guyana,orange
3634,110,115,202,155,"(115, 202, 155)",Guyana,gray
3638,110,89,192,137,"(89, 192, 137)",Guyana,gray
3640,90,75,62,7,"(75, 62, 7)",Guyana,black
3641,74,255,255,254,"(255, 255, 254)",Guyana,white
3643,110,64,182,119,"(64, 182, 119)",Guyana,teal
3644,66,255,253,247,"(255, 253, 247)",Guyana,white
3648,64,53,4,10,"(53, 4, 10)",Guyana,black
3650,110,38,172,100,"(38, 172, 100)",Guyana,teal
3655,110,17,164,85,"(17, 164, 85)",Guyana,teal
3658,110,4,160,76,"(4, 160, 76)",Guyana,green
3660,9220,0,0,0,"(0, 0, 0)",Guyana,black
3661,90090,0,158,73,"(0, 158, 73)",Guyana,green
3662,48388,255,255,255,"(255, 255, 255)",Honduras,white
3775,101118,0,71,186,"(0, 71, 186)",Honduras,blue
3842,1102,87,134,210,"(87, 134, 210)",Honduras,gray
3880,50050,255,255,255,"(255, 255, 255)",Hungary,white
3881,550,226,111,117,"(226, 111, 117)",Hungary,gray
3882,50050,210,35,44,"(210, 35, 44)",Hungary,red
3883,50050,0,141,70,"(0, 141, 70)",Hungary,green
3884,550,87,180,133,"(87, 180, 133)",Hungary,gray
3885,100650,255,255,255,"(255, 255, 255)",Indonesia,white
3886,100650,206,17,38,"(206, 17, 38)",Indonesia,red
3887,550,239,176,183,"(239, 176, 183)",Indonesia,silver
3888,50050,255,255,255,"(255, 255, 255)",Ireland,white
3889,275,255,199,169,"(255, 199, 169)",Ireland,silver
3890,275,216,240,231,"(216, 240, 231)",Ireland,white
3891,50325,255,130,61,"(255, 130, 61)",Ireland,orange
3892,50325,0,154,99,"(0, 154, 99)",Ireland,teal
3893,140896,255,255,255,"(255, 255, 255)",Israel,white
3920,228,175,195,235,"(175, 195, 235)",Israel,silver
3930,128,143,171,227,"(143, 171, 227)",Israel,silver
3934,1100,127,159,223,"(127, 159, 223)",Israel,gray
4051,76688,0,64,192,"(0, 64, 192)",Israel,blue
4052,67100,255,153,51,"(255, 153, 51)",India,orange
4176,550,255,220,185,"(255, 220, 185)",India,silver
4271,550,174,214,170,"(174, 214, 170)",India,silver
4287,67100,19,136,8,"(19, 136, 8)",India,green
4294,56,6,6,106,"(6, 6, 106)",India,navy
4297,3200,0,0,102,"(0, 0, 102)",India,navy
4298,60424,255,255,255,"(255, 255, 255)",India,white
4299,58482,255,255,255,"(255, 255, 255)","Iran, Islamic Republic of",white
4303,55,251,253,251,"(251, 253, 251)","Iran, Islamic Republic of",white
4343,1089,201,231,208,"(201, 231, 208)","Iran, Islamic Republic of",silver
4346,180,243,174,174,"(243, 174, 174)","Iran, Islamic Republic of",silver
4352,143,185,225,194,"(185, 225, 194)","Iran, Islamic Republic of",silver
4399,51502,35,159,64,"(35, 159, 64)","Iran, Islamic Republic of",green
4404,842,252,232,232,"(252, 232, 232)","Iran, Islamic Republic of",white
4411,1333,240,152,152,"(240, 152, 152)","Iran, Islamic Republic of",silver
4413,98,254,250,250,"(254, 250, 250)","Iran, Islamic Republic of",white
4432,869,235,246,238,"(235, 246, 238)","Iran, Islamic Republic of",white
4434,88,233,246,236,"(233, 246, 236)","Iran, Islamic Republic of",white
4449,53944,218,0,0,"(218, 0, 0)","Iran, Islamic Republic of",red
4465,1298,166,216,178,"(166, 216, 178)","Iran, Islamic Republic of",silver
4477,55,251,230,230,"(251, 230, 230)","Iran, Islamic Republic of",white
4482,220,133,202,149,"(133, 202, 149)","Iran, Islamic Republic of",silver
4512,189,235,114,114,"(235, 114, 114)","Iran, Islamic Republic of",orange
4527,1095,246,192,192,"(246, 192, 192)","Iran, Islamic Republic of",silver
4533,35816,255,255,255,"(255, 255, 255)",Iceland,white
4534,39688,215,40,40,"(215, 40, 40)",Iceland,red
4535,142296,0,56,151,"(0, 56, 151)",Iceland,navy
4536,66794,255,255,255,"(255, 255, 255)",Italy,white
4537,367,233,161,166,"(233, 161, 166)",Italy,silver
4538,67161,206,43,55,"(206, 43, 55)",Italy,red
4539,367,216,238,227,"(216, 238, 227)",Italy,silver
4540,67161,0,146,70,"(0, 146, 70)",Italy,green
4541,448,222,207,6,"(222, 207, 6)",Jamaica,orange
4543,444,51,139,41,"(51, 139, 41)",Jamaica,green
4545,444,4,3,0,"(4, 3, 0)",Jamaica,black
4546,50002,249,218,0,"(249, 218, 0)",Jamaica,orange
4547,448,215,188,0,"(215, 188, 0)",Jamaica,orange
4548,448,124,168,26,"(124, 168, 26)",Jamaica,olive
4549,444,94,82,0,"(94, 82, 0)",Jamaica,olive
4550,49284,48,138,42,"(48, 138, 42)",Jamaica,green
4551,49284,0,0,0,"(0, 0, 0)",Jamaica,black
4552,29571,255,255,255,"(255, 255, 255)",Jordan,white
4561,90,243,195,201,"(243, 195, 201)",Jordan,silver
4592,36855,206,17,38,"(206, 17, 38)",Jordan,red
4600,91,155,13,29,"(155, 13, 29)",Jordan,maroon
4657,91,218,76,92,"(218, 76, 92)",Jordan,purple
4674,41678,0,122,61,"(0, 122, 61)",Jordan,green
4678,91,155,43,44,"(155, 43, 44)",Jordan,maroon
4693,366,88,88,88,"(88, 88, 88)",Jordan,gray
4696,91,52,4,10,"(52, 4, 10)",Jordan,black
4700,366,30,110,70,"(30, 110, 70)",Jordan,green
4705,91,52,96,55,"(52, 96, 55)",Jordan,green
4706,41678,0,0,0,"(0, 0, 0)",Jordan,black
4707,163454,255,255,255,"(255, 255, 255)",Japan,white
4825,37574,190,0,38,"(190, 0, 38)",Japan,red
4845,411,255,227,143,"(255, 227, 143)",Comoros,silver
4878,28058,206,17,38,"(206, 17, 38)",Comoros,red
4911,411,132,67,117,"(132, 67, 117)",Comoros,purple
4955,39401,58,117,196,"(58, 117, 196)",Comoros,teal
4963,39401,255,198,30,"(255, 198, 30)",Comoros,orange
5077,38774,61,142,51,"(61, 142, 51)",Comoros,green
5084,33286,255,255,255,"(255, 255, 255)",Comoros,white
5085,15033,255,255,255,"(255, 255, 255)","Korea, Democratic People's Republic of",white
5103,83562,237,29,37,"(237, 29, 37)","Korea, Democratic People's Republic of",red
5183,1100,48,109,179,"(48, 109, 179)","Korea, Democratic People's Republic of",teal
5203,49500,3,77,162,"(3, 77, 162)","Korea, Democratic People's Republic of",teal
5212,1103,248,170,173,"(248, 170, 173)","Korea, Democratic People's Republic of",silver
5219,86,241,78,84,"(241, 78, 84)","Korea, Democratic People's Republic of",orange
5320,37492,255,255,255,"(255, 255, 255)",Kuwait,white
5322,412,213,53,71,"(213, 53, 71)",Kuwait,red
5323,43748,206,17,38,"(206, 17, 38)",Kuwait,red
5328,91,127,127,127,"(127, 127, 127)",Kuwait,gray
5337,43748,0,153,119,"(0, 153, 119)",Kuwait,teal
5341,412,113,198,179,"(113, 198, 179)",Kuwait,silver
5348,24979,0,0,0,"(0, 0, 0)",Kuwait,black
5350,16626,255,255,255,"(255, 255, 255)",Lao People's Democratic Republic,white
5363,100100,206,17,38,"(206, 17, 38)",Lao People's Democratic Republic,red
5376,1100,154,23,55,"(154, 23, 55)",Lao People's Democratic Republic,maroon
5457,83490,0,40,104,"(0, 40, 104)",Lao People's Democratic Republic,navy
5458,64701,255,255,255,"(255, 255, 255)",Liberia,white
5468,965,237,149,165,"(237, 149, 165)",Liberia,silver
5475,965,223,71,99,"(223, 71, 99)",Liberia,purple
5502,130,159,173,186,"(159, 173, 186)",Liberia,silver
5536,965,240,170,183,"(240, 170, 183)",Liberia,silver
5571,965,244,192,202,"(244, 192, 202)",Liberia,silver
5581,73568,216,28,63,"(216, 28, 63)",Liberia,red
5628,52,103,126,147,"(103, 126, 147)",Liberia,gray
5636,74,87,34,69,"(87, 34, 69)",Liberia,maroon
5663,968,220,49,81,"(220, 49, 81)",Liberia,purple
5674,15250,0,38,73,"(0, 38, 73)",Liberia,black
5675,72505,255,255,255,"(255, 255, 255)",Lesotho,white
5800,60500,0,149,67,"(0, 149, 67)",Lesotho,green
5813,550,231,234,246,"(231, 234, 246)",Lesotho,white
5820,550,231,245,237,"(231, 245, 237)",Lesotho,white
5926,59,6,6,6,"(6, 6, 6)",Lesotho,black
5929,5831,0,0,0,"(0, 0, 0)",Lesotho,black
5930,60500,0,32,159,"(0, 32, 159)",Lesotho,navy
5931,60500,253,185,19,"(253, 185, 19)",Lithuania,orange
5932,60500,193,39,45,"(193, 39, 45)",Lithuania,red
5933,60500,0,106,68,"(0, 106, 68)",Lithuania,green
5934,60500,255,255,255,"(255, 255, 255)",Luxembourg,white
5935,60500,239,43,45,"(239, 43, 45)",Luxembourg,red
5936,60500,0,163,221,"(0, 163, 221)",Luxembourg,teal
5937,30250,255,255,255,"(255, 255, 255)",Latvia,white
5938,121000,134,22,35,"(134, 22, 35)",Latvia,maroon
5939,1489,255,255,255,"(255, 255, 255)",Libya,white
5960,550,41,183,81,"(41, 183, 81)",Libya,teal
5989,550,35,157,70,"(35, 157, 70)",Libya,green
6027,549,26,118,52,"(26, 118, 52)",Libya,green
6055,550,255,0,22,"(255, 0, 22)",Libya,red
6067,36300,231,0,19,"(231, 0, 19)",Libya,red
6068,550,230,0,19,"(230, 0, 19)",Libya,red
6089,550,183,0,15,"(183, 0, 15)",Libya,red
6146,36300,35,158,70,"(35, 158, 70)",Libya,green
6162,73357,0,0,0,"(0, 0, 0)",Libya,black
6163,121000,255,255,255,"(255, 255, 255)",Monaco,white
6164,121000,206,17,38,"(206, 17, 38)",Monaco,red
6165,67161,255,255,255,"(255, 255, 255)",Madagascar,white
6166,66978,206,17,38,"(206, 17, 38)",Madagascar,red
6167,66978,0,183,96,"(0, 183, 96)",Madagascar,teal
6168,183,223,98,112,"(223, 98, 112)",Madagascar,gray
6170,366,103,100,67,"(103, 100, 67)",Madagascar,olive
6171,183,76,154,101,"(76, 154, 101)",Madagascar,teal
6175,104,247,205,23,"(247, 205, 23)","Macedonia, the Former Yugoslav Republic of",orange
6179,96,243,187,25,"(243, 187, 25)","Macedonia, the Former Yugoslav Republic of",orange
6180,96,242,183,25,"(242, 183, 25)","Macedonia, the Former Yugoslav Republic of",orange
6183,524,238,169,26,"(238, 169, 26)","Macedonia, the Former Yugoslav Republic of",orange
6184,92,237,161,27,"(237, 161, 27)","Macedonia, the Former Yugoslav Republic of",orange
6186,76,232,141,29,"(232, 141, 29)","Macedonia, the Former Yugoslav Republic of",orange
6191,80,223,105,33,"(223, 105, 33)","Macedonia, the Former Yugoslav Republic of",olive
6192,92,218,85,35,"(218, 85, 35)","Macedonia, the Former Yugoslav Republic of",olive
6197,92,213,63,37,"(213, 63, 37)","Macedonia, the Former Yugoslav Republic of",red
6202,92,208,41,39,"(208, 41, 39)","Macedonia, the Former Yugoslav Republic of",red
6213,92,212,59,37,"(212, 59, 37)","Macedonia, the Former Yugoslav Republic of",red
6218,45722,249,214,22,"(249, 214, 22)","Macedonia, the Former Yugoslav Republic of",orange
6219,88,248,210,22,"(248, 210, 22)","Macedonia, the Former Yugoslav Republic of",orange
6221,92,245,198,24,"(245, 198, 24)","Macedonia, the Former Yugoslav Republic of",orange
6225,76,240,178,26,"(240, 178, 26)","Macedonia, the Former Yugoslav Republic of",orange
6233,92,231,136,30,"(231, 136, 30)","Macedonia, the Former Yugoslav Republic of",orange
6238,92,225,114,32,"(225, 114, 32)","Macedonia, the Former Yugoslav Republic of",olive
6239,88,224,110,32,"(224, 110, 32)","Macedonia, the Former Yugoslav Republic of",olive
6246,522,217,78,35,"(217, 78, 35)","Macedonia, the Former Yugoslav Republic of",olive
6248,80,215,68,36,"(215, 68, 36)","Macedonia, the Former Yugoslav Republic of",red
6252,88,210,48,38,"(210, 48, 38)","Macedonia, the Former Yugoslav Republic of",red
6253,1392,209,32,38,"(209, 32, 38)","Macedonia, the Former Yugoslav Republic of",red
6254,60,208,32,39,"(208, 32, 39)","Macedonia, the Former Yugoslav Republic of",red
6255,92,207,38,39,"(207, 38, 39)","Macedonia, the Former Yugoslav Republic of",red
6256,100412,206,32,40,"(206, 32, 40)","Macedonia, the Former Yugoslav Republic of",red
6260,96,234,150,28,"(234, 150, 28)","Macedonia, the Former Yugoslav Republic of",orange
6263,76,207,36,40,"(207, 36, 40)","Macedonia, the Former Yugoslav Republic of",red
6264,92,230,132,30,"(230, 132, 30)","Macedonia, the Former Yugoslav Republic of",orange
6269,92,221,96,34,"(221, 96, 34)","Macedonia, the Former Yugoslav Republic of",olive
6270,96,248,208,23,"(248, 208, 23)","Macedonia, the Former Yugoslav Republic of",orange
6272,66794,252,209,22,"(252, 209, 22)",Mali,orange
6273,367,217,205,27,"(217, 205, 27)",Mali,orange
6274,67161,206,17,38,"(206, 17, 38)",Mali,red
6275,67161,20,181,58,"(20, 181, 58)",Mali,lime
6276,367,232,124,29,"(232, 124, 29)",Mali,orange
6277,10280,252,209,22,"(252, 209, 22)",Mauritania,orange
6390,190262,30,181,58,"(30, 181, 58)",Mauritania,lime
6493,64,58,184,54,"(58, 184, 54)",Mauritania,lime
6513,50050,252,235,15,"(252, 235, 15)",Mauritius,yellow
6514,550,169,171,55,"(169, 171, 55)",Mauritius,olive
6515,550,40,153,78,"(40, 153, 78)",Mauritius,teal
6516,50050,220,24,30,"(220, 24, 30)",Mauritius,red
6517,550,153,30,62,"(153, 30, 62)",Mauritius,maroon
6518,50050,22,146,83,"(22, 146, 83)",Mauritius,teal
6519,50050,1,42,135,"(1, 42, 135)",Mauritius,navy
6520,2562,255,255,255,"(255, 255, 255)",Maldives,white
6606,133770,210,16,52,"(210, 16, 52)",Maldives,red
6618,732,157,44,54,"(157, 44, 54)",Maldives,maroon
6624,366,138,54,54,"(138, 54, 54)",Maldives,maroon
6666,63970,0,126,58,"(0, 126, 58)",Maldives,green
6667,550,153,65,43,"(153, 65, 43)",Malawi,maroon
6669,76094,206,17,38,"(206, 17, 38)",Malawi,red
6671,58,204,17,38,"(204, 17, 38)",Malawi,red
6705,558,136,11,25,"(136, 11, 25)",Malawi,maroon
6762,203,32,3,6,"(32, 3, 6)",Malawi,black
6853,67100,51,158,53,"(51, 158, 53)",Malawi,green
6882,97,2,0,0,"(2, 0, 0)",Malawi,black
6883,69,1,0,0,"(1, 0, 0)",Malawi,black
6884,54389,0,0,0,"(0, 0, 0)",Malawi,black
6885,72132,255,255,255,"(255, 255, 255)",Niger,white
6956,100074,224,82,6,"(224, 82, 6)",Niger,olive
6982,86350,13,176,43,"(13, 176, 43)",Niger,green
6984,50050,255,255,255,"(255, 255, 255)",Nigeria,white
6985,100650,0,135,81,"(0, 135, 81)",Nigeria,teal
6986,550,168,214,196,"(168, 214, 196)",Nigeria,silver
6987,66550,255,255,255,"(255, 255, 255)",Netherlands,white
6988,550,178,191,215,"(178, 191, 215)",Netherlands,silver
6989,550,227,178,182,"(227, 178, 182)",Netherlands,silver
6990,67100,174,28,40,"(174, 28, 40)",Netherlands,maroon
6991,67100,33,70,139,"(33, 70, 139)",Netherlands,navy
6992,40000,255,255,255,"(255, 255, 255)",Norway,white
6993,135000,239,43,45,"(239, 43, 45)",Norway,red
6994,45000,0,40,104,"(0, 40, 104)",Norway,navy
6995,2933,255,255,255,"(255, 255, 255)",Nauru,white
7087,135000,0,43,127,"(0, 43, 127)",Nauru,navy
7088,11550,255,198,30,"(255, 198, 30)",Nauru,orange
7092,1100,248,194,33,"(248, 194, 33)",Nauru,orange
7177,66794,255,255,255,"(255, 255, 255)",Peru,white
7178,734,238,168,168,"(238, 168, 168)",Peru,silver
7179,134322,204,0,0,"(204, 0, 0)",Peru,red
7180,94600,255,255,255,"(255, 255, 255)",Poland,white
7181,94600,220,20,60,"(220, 20, 60)",Poland,red
7271,155428,74,173,214,"(74, 173, 214)",Palau,teal
7277,33006,255,222,0,"(255, 222, 0)",Palau,orange
7374,37764,255,255,255,"(255, 255, 255)",Qatar,white
7402,80172,109,33,63,"(109, 33, 63)",Qatar,maroon
7422,66794,252,209,22,"(252, 209, 22)",Romania,orange
7423,67161,206,17,38,"(206, 17, 38)",Romania,red
7424,67161,0,43,127,"(0, 43, 127)",Romania,navy
7425,367,232,124,29,"(232, 124, 29)",Romania,orange
7426,367,214,184,38,"(214, 184, 38)",Romania,orange
7427,67100,255,255,255,"(255, 255, 255)",Russian Federation,white
7428,550,39,39,255,"(39, 39, 255)",Russian Federation,blue
7429,67100,255,0,0,"(255, 0, 0)",Russian Federation,red
7430,550,113,0,142,"(113, 0, 142)",Russian Federation,purple
7431,66550,0,0,255,"(0, 0, 255)",Russian Federation,blue
7432,24661,255,255,255,"(255, 255, 255)",Seychelles,white
7433,137,254,249,249,"(254, 249, 249)",Seychelles,white
7434,91,250,215,86,"(250, 215, 86)",Seychelles,orange
7436,68,245,181,77,"(245, 181, 77)",Seychelles,orange
7438,69,242,185,185,"(242, 185, 185)",Seychelles,silver
7443,69,222,83,83,"(222, 83, 83)",Seychelles,gray
7460,68,2,123,63,"(2, 123, 63)",Seychelles,green
7461,25025,0,63,135,"(0, 63, 135)",Seychelles,navy
7463,24752,252,216,86,"(252, 216, 86)",Seychelles,orange
7467,68,241,184,184,"(241, 184, 184)",Seychelles,silver
7474,49959,214,40,40,"(214, 40, 40)",Seychelles,red
7482,69,222,82,82,"(222, 82, 82)",Seychelles,gray
7487,69,21,76,131,"(21, 76, 131)",Seychelles,navy
7489,24934,0,122,61,"(0, 122, 61)",Seychelles,green
7490,36036,255,255,255,"(255, 255, 255)",Sudan,white
7505,427,39,39,39,"(39, 39, 39)",Sudan,black
7510,427,230,122,142,"(230, 122, 142)",Sudan,silver
7511,44438,210,16,52,"(210, 16, 52)",Sudan,red
7527,44438,0,0,0,"(0, 0, 0)",Sudan,black
7528,24934,0,114,41,"(0, 114, 41)",Sudan,green
7529,56168,255,193,0,"(255, 193, 0)",Sweden,orange
7530,274,164,151,51,"(164, 151, 51)",Sweden,olive
7533,960,111,126,81,"(111, 126, 81)",Sweden,gray
7534,274,42,94,120,"(42, 94, 120)",Sweden,teal
7535,131520,11,80,137,"(11, 80, 137)",Sweden,teal
7536,106248,255,255,255,"(255, 255, 255)",Singapore,white
7650,553,251,184,192,"(251, 184, 192)",Singapore,silver
7669,93846,244,42,65,"(244, 42, 65)",Singapore,red
7780,66550,255,255,255,"(255, 255, 255)",Sierra Leone,white
7781,67100,30,181,58,"(30, 181, 58)",Sierra Leone,lime
7782,550,221,244,225,"(221, 244, 225)",Sierra Leone,silver
7783,550,142,192,230,"(142, 192, 230)",Sierra Leone,silver
7784,67100,0,114,198,"(0, 114, 198)",Sierra Leone,teal
7785,62330,253,239,66,"(253, 239, 66)",Senegal,yellow
7791,367,241,145,52,"(241, 145, 52)",Senegal,orange
7796,67161,227,27,35,"(227, 27, 35)",Senegal,red
7800,369,215,223,66,"(215, 223, 66)",Senegal,orange
7854,71109,0,133,63,"(0, 133, 63)",Senegal,green
7882,90,150,196,65,"(150, 196, 65)",Senegal,olive
7924,4798,255,255,255,"(255, 255, 255)",Somalia,white
7982,196476,65,137,221,"(65, 137, 221)",Somalia,teal
7988,94,244,248,253,"(244, 248, 253)",Somalia,white
8052,39600,255,255,255,"(255, 255, 255)",Suriname,white
8144,6113,255,206,0,"(255, 206, 0)",Suriname,orange
8189,1100,210,18,54,"(210, 18, 54)",Suriname,red
8192,1100,200,224,209,"(200, 224, 209)",Suriname,silver
8228,72987,210,16,52,"(210, 16, 52)",Suriname,red
8229,80300,0,114,41,"(0, 114, 41)",Suriname,green
8237,116,232,111,26,"(232, 111, 26)",Sao Tome and Principe,orange
8258,942,122,187,24,"(122, 187, 24)",Sao Tome and Principe,olive
8265,54,95,77,0,"(95, 77, 0)",Sao Tome and Principe,olive
8284,79638,18,173,43,"(18, 173, 43)",Sao Tome and Principe,green
8291,49726,255,206,0,"(255, 206, 0)",Sao Tome and Principe,orange
8304,18769,210,16,52,"(210, 16, 52)",Sao Tome and Principe,red
8321,156,114,94,48,"(114, 94, 48)",Sao Tome and Principe,olive
8348,1560,0,0,0,"(0, 0, 0)",Sao Tome and Principe,black
8349,62706,255,255,255,"(255, 255, 255)",Syrian Arab Republic,white
8353,550,238,173,180,"(238, 173, 180)",Syrian Arab Republic,silver
8360,67100,206,17,38,"(206, 17, 38)",Syrian Arab Republic,red
8365,550,167,167,167,"(167, 167, 167)",Syrian Arab Republic,gray
8382,112,55,179,130,"(55, 179, 130)",Syrian Arab Republic,teal
8446,67100,0,0,0,"(0, 0, 0)",Syrian Arab Republic,black
8452,3180,0,158,96,"(0, 158, 96)",Syrian Arab Republic,teal
8453,67161,0,37,105,"(0, 37, 105)",Chad,navy
8454,66794,255,206,0,"(255, 206, 0)",Chad,orange
8455,367,235,122,23,"(235, 122, 23)",Chad,orange
8456,367,216,180,16,"(216, 180, 16)",Chad,orange
8457,67161,210,16,52,"(210, 16, 52)",Chad,red
8458,4368,255,255,255,"(255, 255, 255)",Togo,white
8500,68,213,27,49,"(213, 27, 49)",Togo,red
8510,136,198,21,54,"(198, 21, 54)",Togo,red
8528,60928,255,206,0,"(255, 206, 0)",Togo,orange
8564,90,254,248,249,"(254, 248, 249)",Togo,white
8619,36496,210,16,52,"(210, 16, 52)",Togo,red
8686,84456,0,106,78,"(0, 106, 78)",Togo,teal
8687,66000,255,255,255,"(255, 255, 255)",Thailand,white
8688,1100,87,111,169,"(87, 111, 169)",Thailand,gray
8689,1100,250,218,220,"(250, 218, 220)",Thailand,silver
8690,67100,222,16,24,"(222, 16, 24)",Thailand,red
8691,66550,0,36,125,"(0, 36, 125)",Thailand,navy
8692,62023,255,255,255,"(255, 255, 255)",Tajikistan,white
8718,42900,229,5,58,"(229, 5, 58)",Tajikistan,red
8731,1320,216,181,17,"(216, 181, 17)",Tajikistan,orange
8738,550,194,231,172,"(194, 231, 172)",Tajikistan,silver
8823,550,237,78,115,"(237, 78, 115)",Tajikistan,orange
8861,42900,91,191,33,"(91, 191, 33)",Tajikistan,olive
8923,17983,255,255,255,"(255, 255, 255)",Tunisia,white
9069,182138,231,0,19,"(231, 0, 19)",Tunisia,red
9073,60,245,151,159,"(245, 151, 159)",Tunisia,silver
9172,25318,255,255,255,"(255, 255, 255)",Tonga,white
9177,67,228,143,143,"(228, 143, 143)",Tonga,silver
9178,67,218,103,103,"(218, 103, 103)",Tonga,gray
9180,67,206,55,55,"(206, 55, 55)",Tonga,red
9184,67,197,15,15,"(197, 15, 15)",Tonga,red
9191,229,224,128,128,"(224, 128, 128)",Tonga,silver
9193,137,203,40,40,"(203, 40, 40)",Tonga,red
9196,125153,193,0,0,"(193, 0, 0)",Tonga,red
9197,11524,255,255,255,"(255, 255, 255)",Turkey,white
9251,62,242,141,147,"(242, 141, 147)",Turkey,silver
9342,188953,227,10,23,"(227, 10, 23)",Turkey,red
9434,5942,255,255,255,"(255, 255, 255)","Taiwan, Province of China",white
9548,151250,255,0,0,"(255, 0, 0)","Taiwan, Province of China",red
9607,275,127,0,77,"(127, 0, 77)","Taiwan, Province of China",purple
9662,43012,0,0,153,"(0, 0, 153)","Taiwan, Province of China",navy
9663,100650,249,221,22,"(249, 221, 22)",Ukraine,orange
9664,550,154,169,109,"(154, 169, 109)",Ukraine,gray
9665,100650,58,117,196,"(58, 117, 196)",Ukraine,teal
9666,49466,255,255,255,"(255, 255, 255)",Uzbekistan,white
9691,5500,206,17,38,"(206, 17, 38)",Uzbekistan,red
9737,48400,30,181,58,"(30, 181, 58)",Uzbekistan,lime
9783,45861,0,153,181,"(0, 153, 181)",Uzbekistan,teal
9791,550,239,176,183,"(239, 176, 183)",Uzbekistan,silver
9800,550,222,96,110,"(222, 96, 110)",Uzbekistan,gray
9871,88840,252,209,22,"(252, 209, 22)",Saint Vincent and the Grenadines,orange
9883,367,126,183,59,"(126, 183, 59)",Saint Vincent and the Grenadines,olive
9893,116,248,208,23,"(248, 208, 23)",Saint Vincent and the Grenadines,orange
9908,367,126,162,110,"(126, 162, 110)",Saint Vincent and the Grenadines,gray
9909,61079,0,158,96,"(0, 158, 96)",Saint Vincent and the Grenadines,teal
9921,50279,0,114,198,"(0, 114, 198)",Saint Vincent and the Grenadines,teal
9922,2402,255,255,255,"(255, 255, 255)","Venezuela, Bolivarian Republic of",white
9927,67100,247,209,23,"(247, 209, 23)","Venezuela, Bolivarian Republic of",orange
10016,550,84,105,121,"(84, 105, 121)","Venezuela, Bolivarian Republic of",gray
10060,62914,0,51,171,"(0, 51, 171)","Venezuela, Bolivarian Republic of",navy
10064,550,71,40,127,"(71, 40, 127)","Venezuela, Bolivarian Republic of",navy
10080,67100,207,20,43,"(207, 20, 43)","Venezuela, Bolivarian Republic of",red
10147,16302,252,209,22,"(252, 209, 22)",Viet Nam,orange
10179,180,220,77,33,"(220, 77, 33)",Viet Nam,olive
10193,184512,206,17,38,"(206, 17, 38)",Viet Nam,red
10317,1099,255,255,255,"(255, 255, 255)",Samoa,white
10369,275,105,35,90,"(105, 35, 90)",Samoa,purple
10413,35937,0,53,128,"(0, 53, 128)",Samoa,navy
10435,113300,210,16,52,"(210, 16, 52)",Samoa,red
10514,66550,255,255,255,"(255, 255, 255)",Yemen,white
10515,550,253,223,223,"(253, 223, 223)",Yemen,silver
10516,67100,239,43,45,"(239, 43, 45)",Yemen,red
10517,550,142,142,142,"(142, 142, 142)",Yemen,gray
10518,67100,0,0,0,"(0, 0, 0)",Yemen,black
